,keywords,number_of_times_word_appeared,tf,idf,tf_idf
0,securitythe,1,4.0381198513971895e-05,0.0,0.0
523,content,1,4.0381198513971895e-05,0.0,0.0
506,area,1,4.0381198513971895e-05,0.0,0.0
487,leads,1,4.0381198513971895e-05,0.0,0.0
514,immediately,1,4.0381198513971895e-05,0.0,0.0
515,interfacethe,1,4.0381198513971895e-05,0.0,0.0
516,single,1,4.0381198513971895e-05,0.0,0.0
517,literals,1,4.0381198513971895e-05,0.0,0.0
518,conversions,1,4.0381198513971895e-05,0.0,0.0
519,objectsbutton,1,4.0381198513971895e-05,0.0,0.0
509,advantage,1,4.0381198513971895e-05,0.0,0.0
520,exceptionsjava,1,4.0381198513971895e-05,0.0,0.0
522,tells,1,4.0381198513971895e-05,0.0,0.0
484,problemsbecause,1,4.0381198513971895e-05,0.0,0.0
525,beginwith,1,4.0381198513971895e-05,0.0,0.0
367,complexity,1,4.0381198513971895e-05,0.0,0.0
526,much,1,4.0381198513971895e-05,0.0,0.0
527,onany,1,4.0381198513971895e-05,0.0,0.0
531,integerint,1,4.0381198513971895e-05,0.0,0.0
521,interfaces,1,4.0381198513971895e-05,0.0,0.0
532,thatspecify,1,4.0381198513971895e-05,0.0,0.0
508,inaccessible,1,4.0381198513971895e-05,0.0,0.0
505,notices,1,4.0381198513971895e-05,0.0,0.0
478,follows,1,4.0381198513971895e-05,0.0,0.0
479,loader,1,4.0381198513971895e-05,0.0,0.0
480,listed,1,4.0381198513971895e-05,0.0,0.0
493,context,1,4.0381198513971895e-05,0.0,0.0
524,classpath,1,4.0381198513971895e-05,0.0,0.0
490,bepreceded,1,4.0381198513971895e-05,0.0,0.0
481,leaked,1,4.0381198513971895e-05,0.0,0.0
618,short16,1,4.0381198513971895e-05,0.0,0.0
614,upper,1,4.0381198513971895e-05,0.0,0.0
494,becomes,1,4.0381198513971895e-05,0.0,0.0
495,calledarrayindexoutofboundsexception,1,4.0381198513971895e-05,0.0,0.0
496,objectoperatorsthe,1,4.0381198513971895e-05,0.0,0.0
499,corner,1,4.0381198513971895e-05,0.0,0.0
500,togroup,1,4.0381198513971895e-05,0.0,0.0
504,tostring,1,4.0381198513971895e-05,0.0,0.0
491,calledequals,1,4.0381198513971895e-05,0.0,0.0
476,publicly,1,4.0381198513971895e-05,0.0,0.0
533,usestringbuffer,1,4.0381198513971895e-05,0.0,0.0
536,intentionally,1,4.0381198513971895e-05,0.0,0.0
585,mainwindow,1,4.0381198513971895e-05,0.0,0.0
591,fragments,1,4.0381198513971895e-05,0.0,0.0
599,notpresent,1,4.0381198513971895e-05,0.0,0.0
351,latest,1,4.0381198513971895e-05,0.0,0.0
600,javaruntime,1,4.0381198513971895e-05,0.0,0.0
602,toconvert,1,4.0381198513971895e-05,0.0,0.0
603,constant0x123octal,1,4.0381198513971895e-05,0.0,0.0
578,atjava,1,4.0381198513971895e-05,0.0,0.0
606,distributed,1,4.0381198513971895e-05,0.0,0.0
609,availablefor,1,4.0381198513971895e-05,0.0,0.0
611,typesthe,1,4.0381198513971895e-05,0.0,0.0
612,returns,1,4.0381198513971895e-05,0.0,0.0
613,int00000in,1,4.0381198513971895e-05,0.0,0.0
617,body,1,4.0381198513971895e-05,0.0,0.0
352,drawing,1,4.0381198513971895e-05,0.0,0.0
369,functionwould,1,4.0381198513971895e-05,0.0,0.0
485,operations,1,4.0381198513971895e-05,0.0,0.0
569,needsto,1,4.0381198513971895e-05,0.0,0.0
349,stat3,1,4.0381198513971895e-05,0.0,0.0
537,sstill,1,4.0381198513971895e-05,0.0,0.0
538,shallow,1,4.0381198513971895e-05,0.0,0.0
540,thisstatement,1,4.0381198513971895e-05,0.0,0.0
546,many,1,4.0381198513971895e-05,0.0,0.0
551,suffixhexadecimal,1,4.0381198513971895e-05,0.0,0.0
554,thedirectories,1,4.0381198513971895e-05,0.0,0.0
555,stats,1,4.0381198513971895e-05,0.0,0.0
571,arrayobject,1,4.0381198513971895e-05,0.0,0.0
556,observation,1,4.0381198513971895e-05,0.0,0.0
560,jperforms,1,4.0381198513971895e-05,0.0,0.0
561,invalid,1,4.0381198513971895e-05,0.0,0.0
608,netscapenavigator,1,4.0381198513971895e-05,0.0,0.0
563,alljava,1,4.0381198513971895e-05,0.0,0.0
565,implements,1,4.0381198513971895e-05,0.0,0.0
566,depot,1,4.0381198513971895e-05,0.0,0.0
568,undefined,1,4.0381198513971895e-05,0.0,0.0
557,executionthe,1,4.0381198513971895e-05,0.0,0.0
475,demand,1,4.0381198513971895e-05,0.0,0.0
473,major,1,4.0381198513971895e-05,0.0,0.0
472,combination,1,4.0381198513971895e-05,0.0,0.0
363,requires,1,4.0381198513971895e-05,0.0,0.0
364,nonportable,1,4.0381198513971895e-05,0.0,0.0
366,useful,1,4.0381198513971895e-05,0.0,0.0
371,steal,1,4.0381198513971895e-05,0.0,0.0
374,crashesduring,1,4.0381198513971895e-05,0.0,0.0
370,longerneeded,1,4.0381198513971895e-05,0.0,0.0
347,freeing,1,4.0381198513971895e-05,0.0,0.0
362,arithmeticjava,1,4.0381198513971895e-05,0.0,0.0
535,square,1,4.0381198513971895e-05,0.0,0.0
376,implied,1,4.0381198513971895e-05,0.0,0.0
378,running,1,4.0381198513971895e-05,0.0,0.0
382,old,1,4.0381198513971895e-05,0.0,0.0
385,notnecessary,1,4.0381198513971895e-05,0.0,0.0
387,whenquitting,1,4.0381198513971895e-05,0.0,0.0
394,keywords,1,4.0381198513971895e-05,0.0,0.0
395,statementsstatementexamplesifif,1,4.0381198513971895e-05,0.0,0.0
375,startingclassname,1,4.0381198513971895e-05,0.0,0.0
396,atruntime,1,4.0381198513971895e-05,0.0,0.0
340,translated,1,4.0381198513971895e-05,0.0,0.0
357,tosubclass,1,4.0381198513971895e-05,0.0,0.0
324,allocateduntil,1,4.0381198513971895e-05,0.0,0.0
326,nullpointerexception,1,4.0381198513971895e-05,0.0,0.0
327,calling,1,4.0381198513971895e-05,0.0,0.0
328,methodcauses,1,4.0381198513971895e-05,0.0,0.0
330,calledonce,1,4.0381198513971895e-05,0.0,0.0
336,programinstantiates,1,4.0381198513971895e-05,0.0,0.0
337,redrawn,1,4.0381198513971895e-05,0.0,0.0
356,ifyou,1,4.0381198513971895e-05,0.0,0.0
339,onetwo,1,4.0381198513971895e-05,0.0,0.0
342,visible,1,4.0381198513971895e-05,0.0,0.0
343,scrollbars,1,4.0381198513971895e-05,0.0,0.0
346,realobjects,1,4.0381198513971895e-05,0.0,0.0
355,valuesarguments,1,4.0381198513971895e-05,0.0,0.0
577,bitschar16,1,4.0381198513971895e-05,0.0,0.0
597,orviruses,1,4.0381198513971895e-05,0.0,0.0
307,classthat,1,4.0381198513971895e-05,0.0,0.0
397,hostplatform,1,4.0381198513971895e-05,0.0,0.0
464,javaobject,1,4.0381198513971895e-05,0.0,0.0
398,relieving,1,4.0381198513971895e-05,0.0,0.0
401,stat2default,1,4.0381198513971895e-05,0.0,0.0
441,arraya,1,4.0381198513971895e-05,0.0,0.0
442,descriptionjava,1,4.0381198513971895e-05,0.0,0.0
443,differences,1,4.0381198513971895e-05,0.0,0.0
444,obtained,1,4.0381198513971895e-05,0.0,0.0
446,converted,1,4.0381198513971895e-05,0.0,0.0
447,double64,1,4.0381198513971895e-05,0.0,0.0
448,zero,1,4.0381198513971895e-05,0.0,0.0
440,max_value,1,4.0381198513971895e-05,0.0,0.0
451,efficiency,1,4.0381198513971895e-05,0.0,0.0
456,basicstopics,1,4.0381198513971895e-05,0.0,0.0
410,brackets,1,4.0381198513971895e-05,0.0,0.0
910,pronejava,1,4.0381198513971895e-05,0.0,0.0
465,referred,1,4.0381198513971895e-05,0.0,0.0
935,tobe,1,4.0381198513971895e-05,0.0,0.0
469,often,1,4.0381198513971895e-05,0.0,0.0
471,precedence,1,4.0381198513971895e-05,0.0,0.0
453,deallocates,1,4.0381198513971895e-05,0.0,0.0
439,broad,1,4.0381198513971895e-05,0.0,0.0
438,having,1,4.0381198513971895e-05,0.0,0.0
435,something,1,4.0381198513971895e-05,0.0,0.0
402,isrevisited,1,4.0381198513971895e-05,0.0,0.0
513,integrateyour,1,4.0381198513971895e-05,0.0,0.0
416,places,1,4.0381198513971895e-05,0.0,0.0
409,methodshould,1,4.0381198513971895e-05,0.0,0.0
459,u00aeboolean,1,4.0381198513971895e-05,0.0,0.0
405,acollection,1,4.0381198513971895e-05,0.0,0.0
844,falsebyte8,1,4.0381198513971895e-05,0.0,0.0
407,nested,1,4.0381198513971895e-05,0.0,0.0
418,virtually,1,4.0381198513971895e-05,0.0,0.0
419,order,1,4.0381198513971895e-05,0.0,0.0
420,consequence,1,4.0381198513971895e-05,0.0,0.0
421,remains,1,4.0381198513971895e-05,0.0,0.0
423,otherjava,1,4.0381198513971895e-05,0.0,0.0
424,paramtest,1,4.0381198513971895e-05,0.0,0.0
430,deallocating,1,4.0381198513971895e-05,0.0,0.0
432,literaltrue,1,4.0381198513971895e-05,0.0,0.0
619,pc,1,4.0381198513971895e-05,0.0,0.0
323,malloc,1,4.0381198513971895e-05,0.0,0.0
622,shift,1,4.0381198513971895e-05,0.0,0.0
814,lowest,1,4.0381198513971895e-05,0.0,0.0
412,independentbyte,1,4.0381198513971895e-05,0.0,0.0
816,dlls,1,4.0381198513971895e-05,0.0,0.0
820,systems,1,4.0381198513971895e-05,0.0,0.0
822,thedifference,1,4.0381198513971895e-05,0.0,0.0
825,files,1,4.0381198513971895e-05,0.0,0.0
830,javalanguage,1,4.0381198513971895e-05,0.0,0.0
833,after,1,4.0381198513971895e-05,0.0,0.0
813,copysemantics,1,4.0381198513971895e-05,0.0,0.0
836,translates,1,4.0381198513971895e-05,0.0,0.0
841,processed,1,4.0381198513971895e-05,0.0,0.0
843,plus,1,4.0381198513971895e-05,0.0,0.0
845,corrupt,1,4.0381198513971895e-05,0.0,0.0
629,intsvector,1,4.0381198513971895e-05,0.0,0.0
411,means,1,4.0381198513971895e-05,0.0,0.0
837,objectresults,1,4.0381198513971895e-05,0.0,0.0
917,executionan,1,4.0381198513971895e-05,0.0,0.0
914,compared,1,4.0381198513971895e-05,0.0,0.0
811,completely,1,4.0381198513971895e-05,0.0,0.0
807,before,1,4.0381198513971895e-05,0.0,0.0
783,pointeryou,1,4.0381198513971895e-05,0.0,0.0
786,buttonsa,1,4.0381198513971895e-05,0.0,0.0
787,forexample,1,4.0381198513971895e-05,0.0,0.0
788,provided,1,4.0381198513971895e-05,0.0,0.0
790,lack,1,4.0381198513971895e-05,0.0,0.0
791,internally,1,4.0381198513971895e-05,0.0,0.0
792,elementsjava,1,4.0381198513971895e-05,0.0,0.0
810,suffixdouble,1,4.0381198513971895e-05,0.0,0.0
847,back,1,4.0381198513971895e-05,0.0,0.0
793,market,1,4.0381198513971895e-05,0.0,0.0
800,sends,1,4.0381198513971895e-05,0.0,0.0
801,guaranteed,1,4.0381198513971895e-05,0.0,0.0
802,macapplication,1,4.0381198513971895e-05,0.0,0.0
803,making,1,4.0381198513971895e-05,0.0,0.0
804,stat2switchswitch,1,4.0381198513971895e-05,0.0,0.0
805,ifthey,1,4.0381198513971895e-05,0.0,0.0
795,outside,1,4.0381198513971895e-05,0.0,0.0
782,giant,1,4.0381198513971895e-05,0.0,0.0
857,hspace,1,4.0381198513971895e-05,0.0,0.0
860,stacks,1,4.0381198513971895e-05,0.0,0.0
916,expressionsmost,1,4.0381198513971895e-05,0.0,0.0
918,whiledo,1,4.0381198513971895e-05,0.0,0.0
797,runs,1,4.0381198513971895e-05,0.0,0.0
855,differently,1,4.0381198513971895e-05,0.0,0.0
892,leakage,1,4.0381198513971895e-05,0.0,0.0
919,objectsassignment,1,4.0381198513971895e-05,0.0,0.0
890,loadable,1,4.0381198513971895e-05,0.0,0.0
909,ishandled,1,4.0381198513971895e-05,0.0,0.0
921,referring,1,4.0381198513971895e-05,0.0,0.0
923,bitsfloat32,1,4.0381198513971895e-05,0.0,0.0
927,attemptingto,1,4.0381198513971895e-05,0.0,0.0
928,operating,1,4.0381198513971895e-05,0.0,0.0
929,align,1,4.0381198513971895e-05,0.0,0.0
930,declarationsa,1,4.0381198513971895e-05,0.0,0.0
931,modified,1,4.0381198513971895e-05,0.0,0.0
911,current,1,4.0381198513971895e-05,0.0,0.0
932,named,1,4.0381198513971895e-05,0.0,0.0
858,buttonnull,1,4.0381198513971895e-05,0.0,0.0
908,scoped,1,4.0381198513971895e-05,0.0,0.0
900,say,1,4.0381198513971895e-05,0.0,0.0
861,appletthe,1,4.0381198513971895e-05,0.0,0.0
865,semanticsportabilityjava,1,4.0381198513971895e-05,0.0,0.0
866,already,1,4.0381198513971895e-05,0.0,0.0
873,native,1,4.0381198513971895e-05,0.0,0.0
882,initializersvariables,1,4.0381198513971895e-05,0.0,0.0
884,linked,1,4.0381198513971895e-05,0.0,0.0
885,think,1,4.0381198513971895e-05,0.0,0.0
901,efficient,1,4.0381198513971895e-05,0.0,0.0
886,typesint,1,4.0381198513971895e-05,0.0,0.0
922,three,1,4.0381198513971895e-05,0.0,0.0
854,priority,1,4.0381198513971895e-05,0.0,0.0
849,rewrite,1,4.0381198513971895e-05,0.0,0.0
564,standalone,1,4.0381198513971895e-05,0.0,0.0
894,bitmaps,1,4.0381198513971895e-05,0.0,0.0
40,accompanying,1,4.0381198513971895e-05,0.0,0.0
668,discussed,1,4.0381198513971895e-05,0.0,0.0
630,bring,1,4.0381198513971895e-05,0.0,0.0
899,parseint,1,4.0381198513971895e-05,0.0,0.0
887,owner,1,4.0381198513971895e-05,0.0,0.0
780,applies,1,4.0381198513971895e-05,0.0,0.0
779,modules,1,4.0381198513971895e-05,0.0,0.0
778,allowed,1,4.0381198513971895e-05,0.0,0.0
656,harm,1,4.0381198513971895e-05,0.0,0.0
659,cloneable,1,4.0381198513971895e-05,0.0,0.0
660,effects,1,4.0381198513971895e-05,0.0,0.0
662,allocatesmemory,1,4.0381198513971895e-05,0.0,0.0
663,happens,1,4.0381198513971895e-05,0.0,0.0
664,compatible,1,4.0381198513971895e-05,0.0,0.0
655,software,1,4.0381198513971895e-05,0.0,0.0
769,typespurely,1,4.0381198513971895e-05,0.0,0.0
670,common,1,4.0381198513971895e-05,0.0,0.0
679,bindjava,1,4.0381198513971895e-05,0.0,0.0
680,things,1,4.0381198513971895e-05,0.0,0.0
681,javadoc,1,4.0381198513971895e-05,0.0,0.0
684,inflexible,1,4.0381198513971895e-05,0.0,0.0
686,youmust,1,4.0381198513971895e-05,0.0,0.0
688,jumping,1,4.0381198513971895e-05,0.0,0.0
691,phase,1,4.0381198513971895e-05,0.0,0.0
676,stat1case,1,4.0381198513971895e-05,0.0,0.0
694,heapwould,1,4.0381198513971895e-05,0.0,0.0
634,thereby,1,4.0381198513971895e-05,0.0,0.0
635,number,1,4.0381198513971895e-05,0.0,0.0
654,generic,1,4.0381198513971895e-05,0.0,0.0
764,treated,1,4.0381198513971895e-05,0.0,0.0
648,stringsjava,1,4.0381198513971895e-05,0.0,0.0
640,equalitytwo,1,4.0381198513971895e-05,0.0,0.0
636,stored,1,4.0381198513971895e-05,0.0,0.0
637,specified,1,4.0381198513971895e-05,0.0,0.0
638,bitslong64,1,4.0381198513971895e-05,0.0,0.0
651,thisthe,1,4.0381198513971895e-05,0.0,0.0
639,amethod,1,4.0381198513971895e-05,0.0,0.0
641,statdo,1,4.0381198513971895e-05,0.0,0.0
642,returnreturn,1,4.0381198513971895e-05,0.0,0.0
643,dimensional,1,4.0381198513971895e-05,0.0,0.0
644,yourbrowser,1,4.0381198513971895e-05,0.0,0.0
645,figure,1,4.0381198513971895e-05,0.0,0.0
646,methodsrobustnessthe,1,4.0381198513971895e-05,0.0,0.0
647,lifecyclemethodsthe,1,4.0381198513971895e-05,0.0,0.0
695,applicationconsider,1,4.0381198513971895e-05,0.0,0.0
262,specifically,1,4.0381198513971895e-05,0.0,0.0
698,pointed,1,4.0381198513971895e-05,0.0,0.0
701,sections,1,4.0381198513971895e-05,0.0,0.0
755,iconifyyour,1,4.0381198513971895e-05,0.0,0.0
757,becausethey,1,4.0381198513971895e-05,0.0,0.0
758,testcommentsjava,1,4.0381198513971895e-05,0.0,0.0
759,parameterscodebase,1,4.0381198513971895e-05,0.0,0.0
760,menus,1,4.0381198513971895e-05,0.0,0.0
762,user,1,4.0381198513971895e-05,0.0,0.0
763,leaks,1,4.0381198513971895e-05,0.0,0.0
754,next,1,4.0381198513971895e-05,0.0,0.0
766,typeelement,1,4.0381198513971895e-05,0.0,0.0
767,standardoutput,1,4.0381198513971895e-05,0.0,0.0
936,displays,1,4.0381198513971895e-05,0.0,0.0
631,terminated,1,4.0381198513971895e-05,0.0,0.0
715,takes,1,4.0381198513971895e-05,0.0,0.0
775,surroundingit,1,4.0381198513971895e-05,0.0,0.0
765,try,1,4.0381198513971895e-05,0.0,0.0
752,injava,1,4.0381198513971895e-05,0.0,0.0
750,messagesfrom,1,4.0381198513971895e-05,0.0,0.0
748,superclass,1,4.0381198513971895e-05,0.0,0.0
704,multiple,1,4.0381198513971895e-05,0.0,0.0
705,objid,1,4.0381198513971895e-05,0.0,0.0
707,e6f,1,4.0381198513971895e-05,0.0,0.0
708,ofcode,1,4.0381198513971895e-05,0.0,0.0
709,another,1,4.0381198513971895e-05,0.0,0.0
713,leading,1,4.0381198513971895e-05,0.0,0.0
259,typedescriptionbooleantrue,1,4.0381198513971895e-05,0.0,0.0
724,assignments,1,4.0381198513971895e-05,0.0,0.0
88,callclass,1,4.0381198513971895e-05,0.0,0.0
728,page,1,4.0381198513971895e-05,0.0,0.0
729,defense,1,4.0381198513971895e-05,0.0,0.0
733,statwhilewhile,1,4.0381198513971895e-05,0.0,0.0
734,several,1,4.0381198513971895e-05,0.0,0.0
737,contained,1,4.0381198513971895e-05,0.0,0.0
738,copyjava,1,4.0381198513971895e-05,0.0,0.0
740,highest,1,4.0381198513971895e-05,0.0,0.0
741,forfor,1,4.0381198513971895e-05,0.0,0.0
624,created,1,4.0381198513971895e-05,0.0,0.0
773,removed,1,4.0381198513971895e-05,0.0,0.0
158,implementor,1,4.0381198513971895e-05,0.0,0.0
721,namelistqualified,1,4.0381198513971895e-05,0.0,0.0
774,deallocated,1,4.0381198513971895e-05,0.0,0.0
236,related,1,4.0381198513971895e-05,0.0,0.0
55,manager,1,4.0381198513971895e-05,0.0,0.0
772,also,1,4.0381198513971895e-05,0.0,0.0
233,img,1,4.0381198513971895e-05,0.0,0.0
90,interesting,1,4.0381198513971895e-05,0.0,0.0
91,jim,1,4.0381198513971895e-05,0.0,0.0
93,descriptionidi,1,4.0381198513971895e-05,0.0,0.0
94,signature,1,4.0381198513971895e-05,0.0,0.0
96,normal,1,4.0381198513971895e-05,0.0,0.0
83,drawstring,1,4.0381198513971895e-05,0.0,0.0
228,illegal,1,4.0381198513971895e-05,0.0,0.0
99,unnecessarily,1,4.0381198513971895e-05,0.0,0.0
898,abc,1,4.0381198513971895e-05,0.0,0.0
224,npackage,1,4.0381198513971895e-05,0.0,0.0
100,terence,1,4.0381198513971895e-05,0.0,0.0
221,javavariables,1,4.0381198513971895e-05,0.0,0.0
101,character,1,4.0381198513971895e-05,0.0,0.0
219,local,1,4.0381198513971895e-05,0.0,0.0
218,notspecify,1,4.0381198513971895e-05,0.0,0.0
102,five,1,4.0381198513971895e-05,0.0,0.0
97,appropriate,1,4.0381198513971895e-05,0.0,0.0
80,structurea,1,4.0381198513971895e-05,0.0,0.0
79,commenting,1,4.0381198513971895e-05,0.0,0.0
244,considered,1,4.0381198513971895e-05,0.0,0.0
52,collectionan,1,4.0381198513971895e-05,0.0,0.0
53,systemresources,1,4.0381198513971895e-05,0.0,0.0
223,details,1,4.0381198513971895e-05,0.0,0.0
237,equivalentcode,1,4.0381198513971895e-05,0.0,0.0
58,definitionsimport,1,4.0381198513971895e-05,0.0,0.0
417,proper,1,4.0381198513971895e-05,0.0,0.0
896,statementsjava,1,4.0381198513971895e-05,0.0,0.0
248,optionally,1,4.0381198513971895e-05,0.0,0.0
142,linking,1,4.0381198513971895e-05,0.0,0.0
138,looks,1,4.0381198513971895e-05,0.0,0.0
63,deiconify,1,4.0381198513971895e-05,0.0,0.0
257,acompilation,1,4.0381198513971895e-05,0.0,0.0
255,creating,1,4.0381198513971895e-05,0.0,0.0
65,commentary,1,4.0381198513971895e-05,0.0,0.0
253,leaves,1,4.0381198513971895e-05,0.0,0.0
251,e6d,1,4.0381198513971895e-05,0.0,0.0
68,burden,1,4.0381198513971895e-05,0.0,0.0
69,applettemplate,1,4.0381198513971895e-05,0.0,0.0
70,publicclass,1,4.0381198513971895e-05,0.0,0.0
71,functionthat,1,4.0381198513971895e-05,0.0,0.0
247,issue,1,4.0381198513971895e-05,0.0,0.0
297,flavors,1,4.0381198513971895e-05,0.0,0.0
74,commentswhere,1,4.0381198513971895e-05,0.0,0.0
75,forget,1,4.0381198513971895e-05,0.0,0.0
103,objectgeneral,1,4.0381198513971895e-05,0.0,0.0
265,semanticswe,1,4.0381198513971895e-05,0.0,0.0
217,objectprimitive,1,4.0381198513971895e-05,0.0,0.0
214,computer,1,4.0381198513971895e-05,0.0,0.0
128,thereforejava,1,4.0381198513971895e-05,0.0,0.0
129,executionsequence,1,4.0381198513971895e-05,0.0,0.0
130,andt,1,4.0381198513971895e-05,0.0,0.0
132,apply,1,4.0381198513971895e-05,0.0,0.0
174,environments,1,4.0381198513971895e-05,0.0,0.0
194,errors,1,4.0381198513971895e-05,0.0,0.0
133,programmingthe,1,4.0381198513971895e-05,0.0,0.0
196,youoverride,1,4.0381198513971895e-05,0.0,0.0
176,find,1,4.0381198513971895e-05,0.0,0.0
897,reduces,1,4.0381198513971895e-05,0.0,0.0
184,frameremoves,1,4.0381198513971895e-05,0.0,0.0
144,anything,1,4.0381198513971895e-05,0.0,0.0
171,terminates,1,4.0381198513971895e-05,0.0,0.0
150,themout,1,4.0381198513971895e-05,0.0,0.0
169,vspace,1,4.0381198513971895e-05,0.0,0.0
167,tedious,1,4.0381198513971895e-05,0.0,0.0
166,codedirectly,1,4.0381198513971895e-05,0.0,0.0
154,othermachines,1,4.0381198513971895e-05,0.0,0.0
164,blank,1,4.0381198513971895e-05,0.0,0.0
162,fromall,1,4.0381198513971895e-05,0.0,0.0
173,storing,1,4.0381198513971895e-05,0.0,0.0
126,incorrect,1,4.0381198513971895e-05,0.0,0.0
183,designed,1,4.0381198513971895e-05,0.0,0.0
211,structs,1,4.0381198513971895e-05,0.0,0.0
60,constantsvariables,1,4.0381198513971895e-05,0.0,0.0
209,src,1,4.0381198513971895e-05,0.0,0.0
107,thatknow,1,4.0381198513971895e-05,0.0,0.0
204,sizes,1,4.0381198513971895e-05,0.0,0.0
203,members,1,4.0381198513971895e-05,0.0,0.0
111,searches,1,4.0381198513971895e-05,0.0,0.0
112,avoid,1,4.0381198513971895e-05,0.0,0.0
199,libraries,1,4.0381198513971895e-05,0.0,0.0
198,interpreter,1,4.0381198513971895e-05,0.0,0.0
197,creation,1,4.0381198513971895e-05,0.0,0.0
113,respond,1,4.0381198513971895e-05,0.0,0.0
136,constant4float,1,4.0381198513971895e-05,0.0,0.0
318,effort,1,4.0381198513971895e-05,0.0,0.0
192,above,1,4.0381198513971895e-05,0.0,0.0
116,archives,1,4.0381198513971895e-05,0.0,0.0
191,stat1if,1,4.0381198513971895e-05,0.0,0.0
189,stale,1,4.0381198513971895e-05,0.0,0.0
188,diagram,1,4.0381198513971895e-05,0.0,0.0
187,well,1,4.0381198513971895e-05,0.0,0.0
215,andformats,1,4.0381198513971895e-05,0.0,0.0
267,lines,1,4.0381198513971895e-05,0.0,0.0
241,arraysint,1,4.0381198513971895e-05,0.0,0.0
269,potential,1,4.0381198513971895e-05,0.0,0.0
21,allocation,1,4.0381198513971895e-05,0.0,0.0
23,clean,1,4.0381198513971895e-05,0.0,0.0
19,concatenated,1,4.0381198513971895e-05,0.0,0.0
127,mandatory,1,4.0381198513971895e-05,0.0,0.0
299,objectsin,1,4.0381198513971895e-05,0.0,0.0
268,together,1,4.0381198513971895e-05,0.0,0.0
294,tnew,1,4.0381198513971895e-05,0.0,0.0
25,disks,1,4.0381198513971895e-05,0.0,0.0
29,aseparate,1,4.0381198513971895e-05,0.0,0.0
30,codebutton,1,4.0381198513971895e-05,0.0,0.0
287,asnew,1,4.0381198513971895e-05,0.0,0.0
34,codenew,1,4.0381198513971895e-05,0.0,0.0
35,typesprimitive,1,4.0381198513971895e-05,0.0,0.0
36,command,1,4.0381198513971895e-05,0.0,0.0
283,automaticallys,1,4.0381198513971895e-05,0.0,0.0
20,portions,1,4.0381198513971895e-05,0.0,0.0
298,iii,1,4.0381198513971895e-05,0.0,0.0
301,intsnew,1,4.0381198513971895e-05,0.0,0.0
322,closing,1,4.0381198513971895e-05,0.0,0.0
117,valueof,1,4.0381198513971895e-05,0.0,0.0
276,restrictions,1,4.0381198513971895e-05,0.0,0.0
319,buttonobject,1,4.0381198513971895e-05,0.0,0.0
1,difficult,1,4.0381198513971895e-05,0.0,0.0
5,block,1,4.0381198513971895e-05,0.0,0.0
315,isn,1,4.0381198513971895e-05,0.0,0.0
8,pointerb,1,4.0381198513971895e-05,0.0,0.0
13,painting,1,4.0381198513971895e-05,0.0,0.0
311,ofyour,1,4.0381198513971895e-05,0.0,0.0
310,objectsuperthe,1,4.0381198513971895e-05,0.0,0.0
15,bitsint32,1,4.0381198513971895e-05,0.0,0.0
309,idinteger,1,4.0381198513971895e-05,0.0,0.0
41,pretend,1,4.0381198513971895e-05,0.0,0.0
17,across,1,4.0381198513971895e-05,0.0,0.0
18,lowercase,1,4.0381198513971895e-05,0.0,0.0
303,convention,1,4.0381198513971895e-05,0.0,0.0
302,namelistobj,1,4.0381198513971895e-05,0.0,0.0
280,whenever,1,4.0381198513971895e-05,0.0,0.0
24,generatedocumentation,1,4.0381198513971895e-05,0.0,0.0
159,internet,1,4.0381198513971895e-05,0.0,0.0
277,aplications,1,4.0381198513971895e-05,0.0,0.0
44,including,1,4.0381198513971895e-05,0.0,0.0
270,constant077nullthe,1,4.0381198513971895e-05,0.0,0.0
279,symbol,1,4.0381198513971895e-05,0.0,0.0
47,fill,1,4.0381198513971895e-05,0.0,0.0
48,deep,1,4.0381198513971895e-05,0.0,0.0
193,representation,1,4.0381198513971895e-05,0.0,0.0
134,employee,2,8.076239702794379e-05,-0.6931471805599453,-5.598022779518214e-05
902,values,2,8.076239702794379e-05,-0.6931471805599453,-5.598022779518214e-05
333,multi,2,8.076239702794379e-05,-0.6931471805599453,-5.598022779518214e-05
227,cannot,2,8.076239702794379e-05,-0.6931471805599453,-5.598022779518214e-05
250,just,2,8.076239702794379e-05,-0.6931471805599453,-5.598022779518214e-05
353,accessing,2,8.076239702794379e-05,-0.6931471805599453,-5.598022779518214e-05
550,menu,2,8.076239702794379e-05,-0.6931471805599453,-5.598022779518214e-05
809,suspend,2,8.076239702794379e-05,-0.6931471805599453,-5.598022779518214e-05
548,break,2,8.076239702794379e-05,-0.6931471805599453,-5.598022779518214e-05
12,delimited,2,8.076239702794379e-05,-0.6931471805599453,-5.598022779518214e-05
547,vector,2,8.076239702794379e-05,-0.6931471805599453,-5.598022779518214e-05
545,buttonsbutton,2,8.076239702794379e-05,-0.6931471805599453,-5.598022779518214e-05
706,ieee,2,8.076239702794379e-05,-0.6931471805599453,-5.598022779518214e-05
543,initialized,2,8.076239702794379e-05,-0.6931471805599453,-5.598022779518214e-05
177,instanceof,2,8.076239702794379e-05,-0.6931471805599453,-5.598022779518214e-05
541,valid,2,8.076239702794379e-05,-0.6931471805599453,-5.598022779518214e-05
667,objectsa,2,8.076239702794379e-05,-0.6931471805599453,-5.598022779518214e-05
358,done,2,8.076239702794379e-05,-0.6931471805599453,-5.598022779518214e-05
148,world,2,8.076239702794379e-05,-0.6931471805599453,-5.598022779518214e-05
359,addresses,2,8.076239702794379e-05,-0.6931471805599453,-5.598022779518214e-05
275,labels,2,8.076239702794379e-05,-0.6931471805599453,-5.598022779518214e-05
534,instantiated,2,8.076239702794379e-05,-0.6931471805599453,-5.598022779518214e-05
149,mml,2,8.076239702794379e-05,-0.6931471805599453,-5.598022779518214e-05
716,keyword,2,8.076239702794379e-05,-0.6931471805599453,-5.598022779518214e-05
718,checking,2,8.076239702794379e-05,-0.6931471805599453,-5.598022779518214e-05
529,simply,2,8.076239702794379e-05,-0.6931471805599453,-5.598022779518214e-05
190,invoked,2,8.076239702794379e-05,-0.6931471805599453,-5.598022779518214e-05
904,dynamically,2,8.076239702794379e-05,-0.6931471805599453,-5.598022779518214e-05
702,contains,2,8.076239702794379e-05,-0.6931471805599453,-5.598022779518214e-05
137,freed,2,8.076239702794379e-05,-0.6931471805599453,-5.598022779518214e-05
819,ii,2,8.076239702794379e-05,-0.6931471805599453,-5.598022779518214e-05
559,come,2,8.076239702794379e-05,-0.6931471805599453,-5.598022779518214e-05
314,continue,2,8.076239702794379e-05,-0.6931471805599453,-5.598022779518214e-05
552,javabasics,2,8.076239702794379e-05,-0.6931471805599453,-5.598022779518214e-05
123,ofc,2,8.076239702794379e-05,-0.6931471805599453,-5.598022779518214e-05
889,arguments,2,8.076239702794379e-05,-0.6931471805599453,-5.598022779518214e-05
690,concatenate,2,8.076239702794379e-05,-0.6931471805599453,-5.598022779518214e-05
675,during,2,8.076239702794379e-05,-0.6931471805599453,-5.598022779518214e-05
678,display,2,8.076239702794379e-05,-0.6931471805599453,-5.598022779518214e-05
334,longer,2,8.076239702794379e-05,-0.6931471805599453,-5.598022779518214e-05
135,syntax,2,8.076239702794379e-05,-0.6931471805599453,-5.598022779518214e-05
263,declarations,2,8.076239702794379e-05,-0.6931471805599453,-5.598022779518214e-05
312,host,2,8.076239702794379e-05,-0.6931471805599453,-5.598022779518214e-05
573,standard,2,8.076239702794379e-05,-0.6931471805599453,-5.598022779518214e-05
685,portability,2,8.076239702794379e-05,-0.6931471805599453,-5.598022779518214e-05
672,bar,2,8.076239702794379e-05,-0.6931471805599453,-5.598022779518214e-05
124,thesame,2,8.076239702794379e-05,-0.6931471805599453,-5.598022779518214e-05
601,alt,2,8.076239702794379e-05,-0.6931471805599453,-5.598022779518214e-05
131,member,2,8.076239702794379e-05,-0.6931471805599453,-5.598022779518214e-05
122,points,2,8.076239702794379e-05,-0.6931471805599453,-5.598022779518214e-05
121,versions,2,8.076239702794379e-05,-0.6931471805599453,-5.598022779518214e-05
332,comparison,2,8.076239702794379e-05,-0.6931471805599453,-5.598022779518214e-05
699,placed,2,8.076239702794379e-05,-0.6931471805599453,-5.598022779518214e-05
528,codeint,2,8.076239702794379e-05,-0.6931471805599453,-5.598022779518214e-05
725,unit,2,8.076239702794379e-05,-0.6931471805599453,-5.598022779518214e-05
348,tothe,2,8.076239702794379e-05,-0.6931471805599453,-5.598022779518214e-05
427,itself,2,8.076239702794379e-05,-0.6931471805599453,-5.598022779518214e-05
562,more,2,8.076239702794379e-05,-0.6931471805599453,-5.598022779518214e-05
272,written,2,8.076239702794379e-05,-0.6931471805599453,-5.598022779518214e-05
406,left,2,8.076239702794379e-05,-0.6931471805599453,-5.598022779518214e-05
57,causes,2,8.076239702794379e-05,-0.6931471805599453,-5.598022779518214e-05
156,dereference,2,8.076239702794379e-05,-0.6931471805599453,-5.598022779518214e-05
345,ignored,2,8.076239702794379e-05,-0.6931471805599453,-5.598022779518214e-05
488,expressionsitemexamples,2,8.076239702794379e-05,-0.6931471805599453,-5.598022779518214e-05
878,added,2,8.076239702794379e-05,-0.6931471805599453,-5.598022779518214e-05
852,handle,2,8.076239702794379e-05,-0.6931471805599453,-5.598022779518214e-05
285,calls,2,8.076239702794379e-05,-0.6931471805599453,-5.598022779518214e-05
862,opening,2,8.076239702794379e-05,-0.6931471805599453,-5.598022779518214e-05
89,orin,2,8.076239702794379e-05,-0.6931471805599453,-5.598022779518214e-05
389,unicode,2,8.076239702794379e-05,-0.6931471805599453,-5.598022779518214e-05
87,constructor,2,8.076239702794379e-05,-0.6931471805599453,-5.598022779518214e-05
235,settitle,2,8.076239702794379e-05,-0.6931471805599453,-5.598022779518214e-05
37,once,2,8.076239702794379e-05,-0.6931471805599453,-5.598022779518214e-05
86,second,2,8.076239702794379e-05,-0.6931471805599453,-5.598022779518214e-05
85,components,2,8.076239702794379e-05,-0.6931471805599453,-5.598022779518214e-05
9,yet,2,8.076239702794379e-05,-0.6931471805599453,-5.598022779518214e-05
580,subclass,2,8.076239702794379e-05,-0.6931471805599453,-5.598022779518214e-05
794,secure,2,8.076239702794379e-05,-0.6931471805599453,-5.598022779518214e-05
50,trivialapplet,2,8.076239702794379e-05,-0.6931471805599453,-5.598022779518214e-05
392,hello,2,8.076239702794379e-05,-0.6931471805599453,-5.598022779518214e-05
282,prints,2,8.076239702794379e-05,-0.6931471805599453,-5.598022779518214e-05
77,specific,2,8.076239702794379e-05,-0.6931471805599453,-5.598022779518214e-05
853,declare,2,8.076239702794379e-05,-0.6931471805599453,-5.598022779518214e-05
76,wide,2,8.076239702794379e-05,-0.6931471805599453,-5.598022779518214e-05
784,available,2,8.076239702794379e-05,-0.6931471805599453,-5.598022779518214e-05
245,existing,2,8.076239702794379e-05,-0.6931471805599453,-5.598022779518214e-05
785,instantiates,2,8.076239702794379e-05,-0.6931471805599453,-5.598022779518214e-05
463,addition,2,8.076239702794379e-05,-0.6931471805599453,-5.598022779518214e-05
462,features,2,8.076239702794379e-05,-0.6931471805599453,-5.598022779518214e-05
497,behavior,2,8.076239702794379e-05,-0.6931471805599453,-5.598022779518214e-05
621,containing,2,8.076239702794379e-05,-0.6931471805599453,-5.598022779518214e-05
835,unlike,2,8.076239702794379e-05,-0.6931471805599453,-5.598022779518214e-05
161,hardware,2,8.076239702794379e-05,-0.6931471805599453,-5.598022779518214e-05
78,complete,2,8.076239702794379e-05,-0.6931471805599453,-5.598022779518214e-05
626,sockets,2,8.076239702794379e-05,-0.6931471805599453,-5.598022779518214e-05
739,variablename,2,8.076239702794379e-05,-0.6931471805599453,-5.598022779518214e-05
365,lifecycle,2,8.076239702794379e-05,-0.6931471805599453,-5.598022779518214e-05
304,instead,2,8.076239702794379e-05,-0.6931471805599453,-5.598022779518214e-05
168,non,2,8.076239702794379e-05,-0.6931471805599453,-5.598022779518214e-05
445,forms,2,8.076239702794379e-05,-0.6931471805599453,-5.598022779518214e-05
761,illustrate,2,8.076239702794379e-05,-0.6931471805599453,-5.598022779518214e-05
104,etc,2,8.076239702794379e-05,-0.6931471805599453,-5.598022779518214e-05
368,handling,2,8.076239702794379e-05,-0.6931471805599453,-5.598022779518214e-05
293,constants,2,8.076239702794379e-05,-0.6931471805599453,-5.598022779518214e-05
264,what,2,8.076239702794379e-05,-0.6931471805599453,-5.598022779518214e-05
372,appletname,2,8.076239702794379e-05,-0.6931471805599453,-5.598022779518214e-05
895,constant3,2,8.076239702794379e-05,-0.6931471805599453,-5.598022779518214e-05
880,environment,2,8.076239702794379e-05,-0.6931471805599453,-5.598022779518214e-05
216,level,2,8.076239702794379e-05,-0.6931471805599453,-5.598022779518214e-05
43,web,2,8.076239702794379e-05,-0.6931471805599453,-5.598022779518214e-05
507,interpreted,2,8.076239702794379e-05,-0.6931471805599453,-5.598022779518214e-05
72,independent,2,8.076239702794379e-05,-0.6931471805599453,-5.598022779518214e-05
742,their,2,8.076239702794379e-05,-0.6931471805599453,-5.598022779518214e-05
749,error,2,8.076239702794379e-05,-0.6931471805599453,-5.598022779518214e-05
288,particular,2,8.076239702794379e-05,-0.6931471805599453,-5.598022779518214e-05
615,bad,2,8.076239702794379e-05,-0.6931471805599453,-5.598022779518214e-05
379,index,2,8.076239702794379e-05,-0.6931471805599453,-5.598022779518214e-05
498,them,2,8.076239702794379e-05,-0.6931471805599453,-5.598022779518214e-05
291,documentation,2,8.076239702794379e-05,-0.6931471805599453,-5.598022779518214e-05
503,stylecomments,2,8.076239702794379e-05,-0.6931471805599453,-5.598022779518214e-05
596,task,2,8.076239702794379e-05,-0.6931471805599453,-5.598022779518214e-05
831,perform,2,8.076239702794379e-05,-0.6931471805599453,-5.598022779518214e-05
771,function,3,0.00012114359554191568,-1.0986122886681098,-0.00013308984275578782
6,argument,3,0.00012114359554191568,-1.0986122886681098,-0.00013308984275578782
147,label,3,0.00012114359554191568,-1.0986122886681098,-0.00013308984275578782
798,will,3,0.00012114359554191568,-1.0986122886681098,-0.00013308984275578782
152,typename,3,0.00012114359554191568,-1.0986122886681098,-0.00013308984275578782
926,easily,3,0.00012114359554191568,-1.0986122886681098,-0.00013308984275578782
735,allocated,3,0.00012114359554191568,-1.0986122886681098,-0.00013308984275578782
649,classes,3,0.00012114359554191568,-1.0986122886681098,-0.00013308984275578782
868,which,3,0.00012114359554191568,-1.0986122886681098,-0.00013308984275578782
73,between,3,0.00012114359554191568,-1.0986122886681098,-0.00013308984275578782
669,window,3,0.00012114359554191568,-1.0986122886681098,-0.00013308984275578782
38,gui,3,0.00012114359554191568,-1.0986122886681098,-0.00013308984275578782
200,destroy,3,0.00012114359554191568,-1.0986122886681098,-0.00013308984275578782
888,programming,3,0.00012114359554191568,-1.0986122886681098,-0.00013308984275578782
824,equals,3,0.00012114359554191568,-1.0986122886681098,-0.00013308984275578782
712,either,3,0.00012114359554191568,-1.0986122886681098,-0.00013308984275578782
859,appletviewer,3,0.00012114359554191568,-1.0986122886681098,-0.00013308984275578782
105,ignore,3,0.00012114359554191568,-1.0986122886681098,-0.00013308984275578782
157,always,3,0.00012114359554191568,-1.0986122886681098,-0.00013308984275578782
16,assigned,3,0.00012114359554191568,-1.0986122886681098,-0.00013308984275578782
32,now,3,0.00012114359554191568,-1.0986122886681098,-0.00013308984275578782
848,awt,3,0.00012114359554191568,-1.0986122886681098,-0.00013308984275578782
56,than,3,0.00012114359554191568,-1.0986122886681098,-0.00013308984275578782
756,item,3,0.00012114359554191568,-1.0986122886681098,-0.00013308984275578782
118,contrast,3,0.00012114359554191568,-1.0986122886681098,-0.00013308984275578782
46,dispose,3,0.00012114359554191568,-1.0986122886681098,-0.00013308984275578782
64,package,3,0.00012114359554191568,-1.0986122886681098,-0.00013308984275578782
789,allow,3,0.00012114359554191568,-1.0986122886681098,-0.00013308984275578782
846,bfoo,3,0.00012114359554191568,-1.0986122886681098,-0.00013308984275578782
320,messages,3,0.00012114359554191568,-1.0986122886681098,-0.00013308984275578782
468,output,3,0.00012114359554191568,-1.0986122886681098,-0.00013308984275578782
652,robust,3,0.00012114359554191568,-1.0986122886681098,-0.00013308984275578782
711,include,3,0.00012114359554191568,-1.0986122886681098,-0.00013308984275578782
806,edu,3,0.00012114359554191568,-1.0986122886681098,-0.00013308984275578782
429,into,3,0.00012114359554191568,-1.0986122886681098,-0.00013308984275578782
206,extends,3,0.00012114359554191568,-1.0986122886681098,-0.00013308984275578782
530,nothing,3,0.00012114359554191568,-1.0986122886681098,-0.00013308984275578782
727,reside,3,0.00012114359554191568,-1.0986122886681098,-0.00013308984275578782
840,compilation,3,0.00012114359554191568,-1.0986122886681098,-0.00013308984275578782
542,every,3,0.00012114359554191568,-1.0986122886681098,-0.00013308984275578782
185,first,3,0.00012114359554191568,-1.0986122886681098,-0.00013308984275578782
433,float,3,0.00012114359554191568,-1.0986122886681098,-0.00013308984275578782
354,been,3,0.00012114359554191568,-1.0986122886681098,-0.00013308984275578782
413,leave,3,0.00012114359554191568,-1.0986122886681098,-0.00013308984275578782
467,hard,3,0.00012114359554191568,-1.0986122886681098,-0.00013308984275578782
414,within,3,0.00012114359554191568,-1.0986122886681098,-0.00013308984275578782
388,address,3,0.00012114359554191568,-1.0986122886681098,-0.00013308984275578782
271,html,3,0.00012114359554191568,-1.0986122886681098,-0.00013308984275578782
579,case,3,0.00012114359554191568,-1.0986122886681098,-0.00013308984275578782
400,text,3,0.00012114359554191568,-1.0986122886681098,-0.00013308984275578782
210,shows,3,0.00012114359554191568,-1.0986122886681098,-0.00013308984275578782
572,loop,3,0.00012114359554191568,-1.0986122886681098,-0.00013308984275578782
454,double,3,0.00012114359554191568,-1.0986122886681098,-0.00013308984275578782
231,declaration,3,0.00012114359554191568,-1.0986122886681098,-0.00013308984275578782
452,dynamic,3,0.00012114359554191568,-1.0986122886681098,-0.00013308984275578782
449,automatically,3,0.00012114359554191568,-1.0986122886681098,-0.00013308984275578782
212,structure,3,0.00012114359554191568,-1.0986122886681098,-0.00013308984275578782
252,codevoid,3,0.00012114359554191568,-1.0986122886681098,-0.00013308984275578782
483,idi,3,0.00012114359554191568,-1.0986122886681098,-0.00013308984275578782
434,char,3,0.00012114359554191568,-1.0986122886681098,-0.00013308984275578782
604,limited,3,0.00012114359554191568,-1.0986122886681098,-0.00013308984275578782
178,creates,3,0.00012114359554191568,-1.0986122886681098,-0.00013308984275578782
589,default,3,0.00012114359554191568,-1.0986122886681098,-0.00013308984275578782
511,assignment,3,0.00012114359554191568,-1.0986122886681098,-0.00013308984275578782
489,stat1,3,0.00012114359554191568,-1.0986122886681098,-0.00013308984275578782
229,link,3,0.00012114359554191568,-1.0986122886681098,-0.00013308984275578782
226,height,3,0.00012114359554191568,-1.0986122886681098,-0.00013308984275578782
502,section,3,0.00012114359554191568,-1.0986122886681098,-0.00013308984275578782
584,arithmetic,3,0.00012114359554191568,-1.0986122886681098,-0.00013308984275578782
436,collector,3,0.00012114359554191568,-1.0986122886681098,-0.00013308984275578782
258,trivialapplication,3,0.00012114359554191568,-1.0986122886681098,-0.00013308984275578782
260,push,3,0.00012114359554191568,-1.0986122886681098,-0.00013308984275578782
261,resources,3,0.00012114359554191568,-1.0986122886681098,-0.00013308984275578782
308,defines,3,0.00012114359554191568,-1.0986122886681098,-0.00013308984275578782
592,bounds,3,0.00012114359554191568,-1.0986122886681098,-0.00013308984275578782
290,those,3,0.00012114359554191568,-1.0986122886681098,-0.00013308984275578782
492,references,3,0.00012114359554191568,-1.0986122886681098,-0.00013308984275578782
730,optional,3,0.00012114359554191568,-1.0986122886681098,-0.00013308984275578782
558,inthis,3,0.00012114359554191568,-1.0986122886681098,-0.00013308984275578782
170,life,3,0.00012114359554191568,-1.0986122886681098,-0.00013308984275578782
828,definitions,4,0.00016152479405588758,-1.3862943611198906,-0.00022392091118072856
225,invoke,4,0.00016152479405588758,-1.3862943611198906,-0.00022392091118072856
717,pointernull,4,0.00016152479405588758,-1.3862943611198906,-0.00022392091118072856
141,therefore,4,0.00016152479405588758,-1.3862943611198906,-0.00022392091118072856
208,copy,4,0.00016152479405588758,-1.3862943611198906,-0.00022392091118072856
426,drawn,4,0.00016152479405588758,-1.3862943611198906,-0.00022392091118072856
109,makes,4,0.00016152479405588758,-1.3862943611198906,-0.00022392091118072856
838,must,4,0.00016152479405588758,-1.3862943611198906,-0.00022392091118072856
539,list,4,0.00016152479405588758,-1.3862943611198906,-0.00022392091118072856
588,convert,4,0.00016152479405588758,-1.3862943611198906,-0.00022392091118072856
912,own,4,0.00016152479405588758,-1.3862943611198906,-0.00022392091118072856
595,initialize,4,0.00016152479405588758,-1.3862943611198906,-0.00022392091118072856
7,extend,4,0.00016152479405588758,-1.3862943611198906,-0.00022392091118072856
14,super,4,0.00016152479405588758,-1.3862943611198906,-0.00022392091118072856
205,look,4,0.00016152479405588758,-1.3862943611198906,-0.00022392091118072856
851,document,4,0.00016152479405588758,-1.3862943611198906,-0.00022392091118072856
62,getparameter,4,0.00016152479405588758,-1.3862943611198906,-0.00022392091118072856
827,space,4,0.00016152479405588758,-1.3862943611198906,-0.00022392091118072856
278,animations,4,0.00016152479405588758,-1.3862943611198906,-0.00022392091118072856
106,operators,4,0.00016152479405588758,-1.3862943611198906,-0.00022392091118072856
501,paint,4,0.00016152479405588758,-1.3862943611198906,-0.00022392091118072856
593,blah,4,0.00016152479405588758,-1.3862943611198906,-0.00022392091118072856
249,else,4,0.00016152479405588758,-1.3862943611198906,-0.00022392091118072856
903,however,4,0.00016152479405588758,-1.3862943611198906,-0.00022392091118072856
482,free,4,0.00016152479405588758,-1.3862943611198906,-0.00022392091118072856
474,simple,4,0.00016152479405588758,-1.3862943611198906,-0.00022392091118072856
54,line,4,0.00016152479405588758,-1.3862943611198906,-0.00022392091118072856
39,www,4,0.00016152479405588758,-1.3862943611198906,-0.00022392091118072856
230,graphics,4,0.00016152479405588758,-1.3862943611198906,-0.00022392091118072856
155,compiler,4,0.00016152479405588758,-1.3862943611198906,-0.00022392091118072856
329,place,4,0.00016152479405588758,-1.3862943611198906,-0.00022392091118072856
284,library,4,0.00016152479405588758,-1.3862943611198906,-0.00022392091118072856
33,part,4,0.00016152479405588758,-1.3862943611198906,-0.00022392091118072856
380,false,4,0.00016152479405588758,-1.3862943611198906,-0.00022392091118072856
751,println,4,0.00016152479405588758,-1.3862943611198906,-0.00022392091118072856
165,execution,4,0.00016152479405588758,-1.3862943611198906,-0.00022392091118072856
28,quit,4,0.00016152479405588758,-1.3862943611198906,-0.00022392091118072856
879,view,4,0.00016152479405588758,-1.3862943611198906,-0.00022392091118072856
575,final,4,0.00016152479405588758,-1.3862943611198906,-0.00022392091118072856
146,machine,5,0.00020190599256985947,-1.6094379124341003,-0.0003249551591895696
726,executed,5,0.00020190599256985947,-1.6094379124341003,-0.0003249551591895696
812,set,5,0.00020190599256985947,-1.6094379124341003,-0.0003249551591895696
213,effect,5,0.00020190599256985947,-1.6094379124341003,-0.0003249551591895696
145,only,5,0.00020190599256985947,-1.6094379124341003,-0.0003249551591895696
95,similar,5,0.00020190599256985947,-1.6094379124341003,-0.0003249551591895696
92,length,5,0.00020190599256985947,-1.6094379124341003,-0.0003249551591895696
891,stop,5,0.00020190599256985947,-1.6094379124341003,-0.0003249551591895696
321,while,5,0.00020190599256985947,-1.6094379124341003,-0.0003249551591895696
373,platform,5,0.00020190599256985947,-1.6094379124341003,-0.0003249551591895696
383,signed,5,0.00020190599256985947,-1.6094379124341003,-0.0003249551591895696
350,expressions,5,0.00020190599256985947,-1.6094379124341003,-0.0003249551591895696
920,buttons,5,0.00020190599256985947,-1.6094379124341003,-0.0003249551591895696
674,initial,5,0.00020190599256985947,-1.6094379124341003,-0.0003249551591895696
31,predefined,5,0.00020190599256985947,-1.6094379124341003,-0.0003249551591895696
671,like,5,0.00020190599256985947,-1.6094379124341003,-0.0003249551591895696
753,p1,5,0.00020190599256985947,-1.6094379124341003,-0.0003249551591895696
616,allocates,5,0.00020190599256985947,-1.6094379124341003,-0.0003249551591895696
610,used,5,0.00020190599256985947,-1.6094379124341003,-0.0003249551591895696
256,compile,5,0.00020190599256985947,-1.6094379124341003,-0.0003249551591895696
632,uses,5,0.00020190599256985947,-1.6094379124341003,-0.0003249551591895696
823,consider,5,0.00020190599256985947,-1.6094379124341003,-0.0003249551591895696
377,other,5,0.00020190599256985947,-1.6094379124341003,-0.0003249551591895696
907,clone,5,0.00020190599256985947,-1.6094379124341003,-0.0003249551591895696
4,very,5,0.00020190599256985947,-1.6094379124341003,-0.0003249551591895696
240,import,5,0.00020190599256985947,-1.6094379124341003,-0.0003249551591895696
114,threads,5,0.00020190599256985947,-1.6094379124341003,-0.0003249551591895696
393,where,5,0.00020190599256985947,-1.6094379124341003,-0.0003249551591895696
692,should,5,0.00020190599256985947,-1.6094379124341003,-0.0003249551591895696
317,write,5,0.00020190599256985947,-1.6094379124341003,-0.0003249551591895696
933,don,5,0.00020190599256985947,-1.6094379124341003,-0.0003249551591895696
544,using,5,0.00020190599256985947,-1.6094379124341003,-0.0003249551591895696
777,elements,5,0.00020190599256985947,-1.6094379124341003,-0.0003249551591895696
239,tag,5,0.00020190599256985947,-1.6094379124341003,-0.0003249551591895696
703,p2,5,0.00020190599256985947,-1.6094379124341003,-0.0003249551591895696
913,access,5,0.00020190599256985947,-1.6094379124341003,-0.0003249551591895696
341,passed,5,0.00020190599256985947,-1.6094379124341003,-0.0003249551591895696
834,put,5,0.00020190599256985947,-1.6094379124341003,-0.0003249551591895696
864,static,5,0.00020190599256985947,-1.6094379124341003,-0.0003249551591895696
386,because,5,0.00020190599256985947,-1.6094379124341003,-0.0003249551591895696
286,each,5,0.00020190599256985947,-1.6094379124341003,-0.0003249551591895696
869,way,5,0.00020190599256985947,-1.6094379124341003,-0.0003249551591895696
871,instantiate,5,0.00020190599256985947,-1.6094379124341003,-0.0003249551591895696
26,start,5,0.00020190599256985947,-1.6094379124341003,-0.0003249551591895696
477,equal,6,0.00024228719108383137,-1.791759469228055,-0.000434120368897122
49,nor,6,0.00024228719108383137,-1.791759469228055,-0.000434120368897122
587,strings,6,0.00024228719108383137,-1.791759469228055,-0.000434120368897122
455,trivial,6,0.00024228719108383137,-1.791759469228055,-0.000434120368897122
768,version,6,0.00024228719108383137,-1.791759469228055,-0.000434120368897122
66,sizeof,6,0.00024228719108383137,-1.791759469228055,-0.000434120368897122
776,integer,6,0.00024228719108383137,-1.791759469228055,-0.000434120368897122
300,need,6,0.00024228719108383137,-1.791759469228055,-0.000434120368897122
553,exception,6,0.00024228719108383137,-1.791759469228055,-0.000434120368897122
120,thread,6,0.00024228719108383137,-1.791759469228055,-0.000434120368897122
316,width,6,0.00024228719108383137,-1.791759469228055,-0.000434120368897122
381,execute,6,0.00024228719108383137,-1.791759469228055,-0.000434120368897122
700,test,6,0.00024228719108383137,-1.791759469228055,-0.000434120368897122
872,heap,6,0.00024228719108383137,-1.791759469228055,-0.000434120368897122
437,they,6,0.00024228719108383137,-1.791759469228055,-0.000434120368897122
202,automatic,6,0.00024228719108383137,-1.791759469228055,-0.000434120368897122
59,from,6,0.00024228719108383137,-1.791759469228055,-0.000434120368897122
818,portable,6,0.00024228719108383137,-1.791759469228055,-0.000434120368897122
781,calloc,6,0.00024228719108383137,-1.791759469228055,-0.000434120368897122
567,note,6,0.00024228719108383137,-1.791759469228055,-0.000434120368897122
746,statements,6,0.00024228719108383137,-1.791759469228055,-0.000434120368897122
10,semantics,6,0.00024228719108383137,-1.791759469228055,-0.000434120368897122
915,true,6,0.00024228719108383137,-1.791759469228055,-0.000434120368897122
151,equivalent,6,0.00024228719108383137,-1.791759469228055,-0.000434120368897122
61,draw,7,0.00028266838959780326,-1.9459101490553135,-0.0005500472881354867
856,pointers,7,0.00028266838959780326,-1.9459101490553135,-0.0005500472881354867
625,literal,7,0.00028266838959780326,-1.9459101490553135,-0.0005500472881354867
924,table,7,0.00028266838959780326,-1.9459101490553135,-0.0005500472881354867
27,struct,7,0.00028266838959780326,-1.9459101490553135,-0.0005500472881354867
390,contain,7,0.00028266838959780326,-1.9459101490553135,-0.0005500472881354867
119,inc,7,0.00028266838959780326,-1.9459101490553135,-0.0005500472881354867
470,arrays,7,0.00028266838959780326,-1.9459101490553135,-0.0005500472881354867
607,parameters,7,0.00028266838959780326,-1.9459101490553135,-0.0005500472881354867
633,instance,7,0.00028266838959780326,-1.9459101490553135,-0.0005500472881354867
666,args,7,0.00028266838959780326,-1.9459101490553135,-0.0005500472881354867
658,bits,7,0.00028266838959780326,-1.9459101490553135,-0.0005500472881354867
108,via,7,0.00028266838959780326,-1.9459101490553135,-0.0005500472881354867
744,foo,7,0.00028266838959780326,-1.9459101490553135,-0.0005500472881354867
817,programs,8,0.00032304958811177516,-2.0794415416798357,-0.0006717627335421857
623,such,8,0.00032304958811177516,-2.0794415416798357,-0.0006717627335421857
743,cause,8,0.00032304958811177516,-2.0794415416798357,-0.0006717627335421857
677,definition,8,0.00032304958811177516,-2.0794415416798357,-0.0006717627335421857
883,size,8,0.00032304958811177516,-2.0794415416798357,-0.0006717627335421857
714,ints,8,0.00032304958811177516,-2.0794415416798357,-0.0006717627335421857
696,source,8,0.00032304958811177516,-2.0794415416798357,-0.0006717627335421857
125,variables,8,0.00032304958811177516,-2.0794415416798357,-0.0006717627335421857
360,create,8,0.00032304958811177516,-2.0794415416798357,-0.0006717627335421857
207,style,8,0.00032304958811177516,-2.0794415416798357,-0.0006717627335421857
832,statement,9,0.00036343078662574705,-2.1972245773362196,-0.0007985390565347269
67,collection,9,0.00036343078662574705,-2.1972245773362196,-0.0007985390565347269
220,bit,9,0.00036343078662574705,-2.1972245773362196,-0.0007985390565347269
736,ill,9,0.00036343078662574705,-2.1972245773362196,-0.0007985390565347269
305,applications,9,0.00036343078662574705,-2.1972245773362196,-0.0007985390565347269
331,called,9,0.00036343078662574705,-2.1972245773362196,-0.0007985390565347269
153,how,9,0.00036343078662574705,-2.1972245773362196,-0.0007985390565347269
925,boolean,9,0.00036343078662574705,-2.1972245773362196,-0.0007985390565347269
274,does,9,0.00036343078662574705,-2.1972245773362196,-0.0007985390565347269
325,have,9,0.00036343078662574705,-2.1972245773362196,-0.0007985390565347269
450,when,9,0.00036343078662574705,-2.1972245773362196,-0.0007985390565347269
195,main,9,0.00036343078662574705,-2.1972245773362196,-0.0007985390565347269
461,byte,9,0.00036343078662574705,-2.1972245773362196,-0.0007985390565347269
605,would,10,0.00040381198513971895,-2.3025850929940455,-0.0009298114573550499
549,following,10,0.00040381198513971895,-2.3025850929940455,-0.0009298114573550499
826,same,10,0.00040381198513971895,-2.3025850929940455,-0.0009298114573550499
583,applets,10,0.00040381198513971895,-2.3025850929940455,-0.0009298114573550499
870,file,10,0.00040381198513971895,-2.3025850929940455,-0.0009298114573550499
723,runtime,10,0.00040381198513971895,-2.3025850929940455,-0.0009298114573550499
232,stack,10,0.00040381198513971895,-2.3025850929940455,-0.0009298114573550499
460,constant,10,0.00040381198513971895,-2.3025850929940455,-0.0009298114573550499
628,defined,10,0.00040381198513971895,-2.3025850929940455,-0.0009298114573550499
344,these,10,0.00040381198513971895,-2.3025850929940455,-0.0009298114573550499
289,two,10,0.00040381198513971895,-2.3025850929940455,-0.0009298114573550499
673,state,11,0.00044419318365369084,-2.3978952727983707,-0.0010651287352924437
620,garbage,11,0.00044419318365369084,-2.3978952727983707,-0.0010651287352924437
115,basicsjava,11,0.00044419318365369084,-2.3978952727983707,-0.0010651287352924437
906,up,11,0.00044419318365369084,-2.3978952727983707,-0.0010651287352924437
863,end,11,0.00044419318365369084,-2.3978952727983707,-0.0010651287352924437
222,methods,11,0.00044419318365369084,-2.3978952727983707,-0.0010651287352924437
182,any,11,0.00044419318365369084,-2.3978952727983707,-0.0010651287352924437
486,there,11,0.00044419318365369084,-2.3978952727983707,-0.0010651287352924437
422,form,11,0.00044419318365369084,-2.3978952727983707,-0.0010651287352924437
361,out,12,0.00048457438216766274,-2.4849066497880004,-0.001204122104565337
598,has,12,0.00048457438216766274,-2.4849066497880004,-0.001204122104565337
747,browser,12,0.00048457438216766274,-2.4849066497880004,-0.001204122104565337
238,time,12,0.00048457438216766274,-2.4849066497880004,-0.001204122104565337
175,value,12,0.00048457438216766274,-2.4849066497880004,-0.001204122104565337
140,with,12,0.00048457438216766274,-2.4849066497880004,-0.001204122104565337
84,may,12,0.00048457438216766274,-2.4849066497880004,-0.001204122104565337
581,can,13,0.0005249555806816346,-2.5649493574615367,-0.0013464844793652066
281,make,13,0.0005249555806816346,-2.5649493574615367,-0.0013464844793652066
653,variable,13,0.0005249555806816346,-2.5649493574615367,-0.0013464844793652066
82,operator,13,0.0005249555806816346,-2.5649493574615367,-0.0013464844793652066
799,run,13,0.0005249555806816346,-2.5649493574615367,-0.0013464844793652066
877,element,13,0.0005249555806816346,-2.5649493574615367,-0.0013464844793652066
893,expr,14,0.0005653367791956065,-2.639057329615259,-0.0014919561708372487
266,name,14,0.0005653367791956065,-2.639057329615259,-0.0014919561708372487
181,ten,14,0.0005653367791956065,-2.639057329615259,-0.0014919561708372487
110,system,14,0.0005653367791956065,-2.639057329615259,-0.0014919561708372487
98,parameter,14,0.0005653367791956065,-2.639057329615259,-0.0014919561708372487
180,primitive,14,0.0005653367791956065,-2.639057329615259,-0.0014919561708372487
243,comments,14,0.0005653367791956065,-2.639057329615259,-0.0014919561708372487
408,reference,14,0.0005653367791956065,-2.639057329615259,-0.0014919561708372487
745,types,15,0.0006057179777095784,-2.70805020110221,-0.0016403146913476479
242,port,15,0.0006057179777095784,-2.70805020110221,-0.0016403146913476479
829,application,15,0.0006057179777095784,-2.70805020110221,-0.0016403146913476479
313,language,15,0.0006057179777095784,-2.70805020110221,-0.0016403146913476479
815,ok,15,0.0006057179777095784,-2.70805020110221,-0.0016403146913476479
512,memory,15,0.0006057179777095784,-2.70805020110221,-0.0016403146913476479
254,void,15,0.0006057179777095784,-2.70805020110221,-0.0016403146913476479
42,define,16,0.0006460991762235503,-2.772588722239781,-0.0017913672894458285
403,return,16,0.0006460991762235503,-2.772588722239781,-0.0017913672894458285
693,const,16,0.0006460991762235503,-2.772588722239781,-0.0017913672894458285
881,ack,17,0.0006864803747375222,-2.833213344056216,-0.0019449453581390596
246,null,17,0.0006864803747375222,-2.833213344056216,-0.0019449453581390596
719,so,18,0.0007268615732514941,-2.890371757896165,-0.002100900163226093
163,param,18,0.0007268615732514941,-2.890371757896165,-0.002100900163226093
574,we,18,0.0007268615732514941,-2.890371757896165,-0.002100900163226093
821,pointer,18,0.0007268615732514941,-2.890371757896165,-0.002100900163226093
770,here,18,0.0007268615732514941,-2.890371757896165,-0.002100900163226093
143,pre,19,0.000767242771765466,-2.9444389791664407,-0.002259099523669939
22,allocate,19,0.000767242771765466,-2.9444389791664407,-0.002259099523669939
905,one,19,0.000767242771765466,-2.9444389791664407,-0.002259099523669939
3,comment,20,0.0008076239702794379,-2.995732273553991,-0.0024194251926619214
720,init,22,0.0008883863673073817,-3.0910424533583156,-0.002746039976331891
732,refer,22,0.0008883863673073817,-3.0910424533583156,-0.002746039976331891
306,example,22,0.0008883863673073817,-3.0910424533583156,-0.002746039976331891
867,rights,23,0.0009287675658213536,-3.1354942159291497,-0.00291214533057545
2,jguru,23,0.0009287675658213536,-3.1354942159291497,-0.00291214533057545
689,program,23,0.0009287675658213536,-3.1354942159291497,-0.00291214533057545
172,reserved,23,0.0009287675658213536,-3.1354942159291497,-0.00291214533057545
295,public,24,0.0009691487643353255,-3.1780538303479458,-0.0030800069426728596
590,right,24,0.0009691487643353255,-3.1780538303479458,-0.0030800069426728596
179,reserve,24,0.0009691487643353255,-3.1780538303479458,-0.0030800069426728596
842,this,24,0.0009691487643353255,-3.1780538303479458,-0.0030800069426728596
665,point,24,0.0009691487643353255,-3.1780538303479458,-0.0030800069426728596
934,serve,25,0.0010095299628492974,-3.2188758248682006,-0.003249551591895696
697,type,26,0.0010499111613632693,-3.258096538021482,-0.0034207119200677814
81,objects,26,0.0010499111613632693,-3.258096538021482,-0.0034207119200677814
234,call,27,0.0010902923598772412,-3.295836866004329,-0.0035934257544062704
808,your,28,0.001130673558391213,-3.332204510175204,-0.003767635530807047
722,iv,30,0.0012114359554191568,-3.4011973816621555,-0.0041203327996230275
570,that,30,0.0012114359554191568,-3.4011973816621555,-0.0041203327996230275
731,if,30,0.0012114359554191568,-3.4011973816621555,-0.0041203327996230275
683,use,32,0.0012921983524471006,-3.4657359027997265,-0.004478418223614572
45,string,32,0.0012921983524471006,-3.4657359027997265,-0.004478418223614572
51,by,33,0.0013325795509610725,-3.4965075614664802,-0.004659374476190997
273,array,34,0.0013729607494750444,-3.5263605246161616,-0.004841554588796216
466,do,34,0.0013729607494750444,-3.5263605246161616,-0.004841554588796216
682,method,39,0.0015748667420449039,-3.6635616461296463,-0.005769621393920861
657,id,41,0.0016556291390728477,-3.713572066704308,-0.006148298123682629
594,not,41,0.0016556291390728477,-3.713572066704308,-0.006148298123682629
425,class,43,0.0017363915361007915,-3.7612001156935624,-0.006530916046471619
335,code,44,0.0017767727346147634,-3.784189633918261,-0.006723644964157789
11,be,46,0.0018575351316427072,-3.828641396489095,-0.007111835900440089
139,button,48,0.001938297528670651,-3.871201010907891,-0.007503539352430091
687,basics,49,0.001978678727184623,-3.891820298110627,-0.0077006620338968155
292,basic,50,0.0020190599256985947,-3.912023005428146,-0.007898608878670946
510,new,52,0.0020998223227265385,-3.951243718581427,-0.008296909762810297
399,object,53,0.0021402035212405106,-3.970291913552122,-0.008497232733736976
391,you,54,0.0021805847197544823,-3.9889840465642745,-0.008698317659282459
874,but,55,0.0022209659182684544,-4.007333185232471,-0.008900150427547486
875,hi,56,0.002261347116782426,-4.02535169073515,-0.009102717439879195
428,obj,56,0.002261347116782426,-4.02535169073515,-0.009102717439879195
296,applet,57,0.002301728315296398,-4.04305126783455,-0.009306005583369786
404,are,60,0.0024228719108383137,-4.0943445622221,-0.00992007243310152
627,data,62,0.0025036343078662575,-4.127134385045092,-0.0103328352395734
458,for,65,0.0026247779034081734,-4.174387269895637,-0.010956839466290438
850,com,67,0.002705540300436117,-4.204692619390966,-0.011375965332708559
582,no,70,0.0028266838959780326,-4.248495242049359,-0.012009153082840217
796,and,71,0.0028670650944920047,-4.2626798770413155,-0.012221380684458626
839,of,75,0.0030285898885478923,-4.31748811353631,-0.013075900844581783
160,all,88,0.0035535454692295267,-4.477336814478207,-0.015910419951303593
586,int,104,0.004199644645453077,-4.6443908991413725,-0.019504791370970068
431,is,110,0.004441931836536909,-4.700480365792417,-0.02087921338382999
876,it,122,0.004926506218704572,-4.804021044733257,-0.023667039551666023
338,java,135,0.005451461799386206,-4.90527477843843,-0.026740918070149736
384,as,157,0.006339848166693587,-5.056245805348308,-0.03205583069938961
650,or,167,0.006743660151833307,-5.117993812416755,-0.0345140109301243
186,to,190,0.00767242771765466,-5.247024072160486,-0.04025741292644534
576,an,199,0.008035858504280407,-5.293304824724492,-0.04253624859151082
661,the,203,0.008197383298336294,-5.313205979041787,-0.043554385953217686
457,on,243,0.00981263123889517,-5.493061443340548,-0.053901386316094056
415,at,247,0.009974156032951058,-5.5093883366279774,-0.054951498915648135
201,re,258,0.010418349216604748,-5.552959584921617,-0.057852672141405964
710,in,369,0.014900662251655629,-5.910796644040527,-0.08807478443106745
